<?xml version="1.0" encoding="UTF-8"?>
<project-private xmlns="http://www.netbeans.org/ns/project-private/1">
    <editor-bookmarks xmlns="http://www.netbeans.org/ns/editor-bookmarks/2" lastBookmarkId="0"/>
    <open-files xmlns="http://www.netbeans.org/ns/projectui-open-files/2">
        <group>
            <file>file:/D:/Java/Produktif/CPO_prod/src/cpo_prod/CPO_prod.java</file>
            <file>file:/D:/Java/Produktif/CPO_prod/src/cpo_prod/list.java</file>
            <file>file:/D:/Java/Produktif/CPO_prod/src/cpo_prod/register.java</file>
            <file>file:/D:/Java/Produktif/CPO_prod/src/cpo_prod/hasil.java</file>
            <file>file:/D:/Java/Produktif/CPO_prod/src/cpo_prod/admin.java</file>
            <file>file:/D:/Java/Produktif/CPO_prod/src/cpo_prod/Login.java</file>
            <file>file:/D:/Java/Produktif/CPO_prod/src/cpo_prod/input_cpo.java</file>
            <file>file:/D:/Java/Produktif/CPO_prod/src/koneksi/koneksi.java</file>
            <file>file:/D:/Java/Produktif/CPO_prod/src/cpo_prod/voting.java</file>
            <file>file:/D:/Java/Produktif/CPO_prod/src/cpo_prod/Menu.java</file>
        </group>
    </open-files>
</project-private>
